City_ID,City,Country,Max Temp,Lat,Lng,Hotel Name
0,Sakaiminato,JP,60.8,35.55,133.23,Âë≥Âá¶„ÉªÊ∞ëÂÆø „Åæ„Å§„ÇÑ
1,Coquimbo,CL,55.4,-29.95,-71.34,Hotel San Juan
2,Rikitea,PF,74.62,-23.12,-134.97,Pension Maro'i
3,Atuona,PF,77.47,-9.8,-139.03,Villa Enata
4,Khash,IR,40.87,28.22,61.22,ÿØŸÅÿ™ÿ± Ÿæ€åÿ¥ÿÆŸàÿßŸÜ ÿØŸàŸÑÿ™ ÿ¨ŸÖÿßŸÑ ÿ≤Ÿá€å (ÿÆÿßŸÑÿØ)
5,East London,ZA,65.43,-33.02,27.91,Tu Casa
6,Barrow,US,28.4,71.29,-156.79,King Eider Inn
7,Bambous Virieux,MU,69.8,-20.34,57.76,Casa Tia Villa
8,General Roca,AR,89.6,-39.03,-67.58,Hotel El Recreo
9,Lata,PT,66.0,40.16,-8.33,Casa Maquia
10,Aquiraz,BR,80.6,-3.9,-38.39,Hotel Laguna Blu
11,Kruisfontein,ZA,64.0,-34.0,24.73,Oyster Bay House Rental
12,Jamestown,US,34.0,42.1,-79.24,Hampton Inn & Suites Jamestown
13,Nakonde,ZM,62.15,-9.34,32.74,Masahani Inn Hotel
14,Hobart,AU,64.99,-42.88,147.33,St Ives Hobart Accommodation Tasmania
15,Kodiak,US,32.0,57.79,-152.41,Best Western Kodiak Inn and Convention Center
16,Port Alfred,ZA,64.87,-33.59,26.89,The Halyards Hotel
17,Zavodskoy,RU,37.4,43.46,132.29,
18,Carnarvon,AU,68.0,-24.87,113.63,Hospitality Carnarvon
19,Meulaboh,ID,75.92,4.14,96.13,Kost Pria
20,Christchurch,NZ,57.2,-43.53,172.63,"Chateau on the Park - Christchurch, a DoubleTree by Hilton"
21,Camacha,PT,66.2,33.08,-16.33,Hotel Porto Santo & Spa
22,Husavik,IS,37.4,66.04,-17.34,Bjarnab√∫√∞
23,Bluff,NZ,54.0,-46.6,168.33,Bluff Homestead - Guesthouse & Campervan Park
24,Te Anau,NZ,55.76,-45.42,167.72,Kingsgate Hotel Te Anau
25,Saskylakh,RU,-10.08,71.92,114.08,
26,Ushuaia,AR,59.0,-54.8,-68.3,Albatros Hotel
27,Yovon,TJ,42.8,38.31,69.04,
28,Vaini,TO,78.8,-21.2,-175.2,Keleti Beach Resort
29,Constitucion,CL,54.3,-35.33,-72.42,Hotel Boutique Las Azucenas
30,Uvarovka,RU,40.21,55.53,35.61,
31,Nouadhibou,MR,78.8,20.93,-17.03,El Medina
32,Ishigaki,JP,75.2,24.34,124.16,Hotel Peace Land Ishigakijima
33,Saint-Philippe,RE,69.8,-21.36,55.77,"Chambres d'h√¥te ""La Trinit√©"""
34,Vikulovo,RU,31.87,56.82,70.61,"Ooo ""Sistema Stroy"""
35,Bonthe,SL,79.47,7.53,-12.51,Bonthe Holiday Village
36,Iracoubo,GF,81.91,5.48,-53.2,Le Gite D Iracoubo
37,Bengkulu,ID,75.45,-3.8,102.27,Grage Hotel Bengkulu
38,Zhigansk,RU,-0.63,66.77,123.37,Gostinichnyy Kompleks Aylgy
39,Beni,CD,61.68,0.5,29.47,Albertine hotel
40,Mitu,CO,73.47,1.2,-70.17,
41,Portsoy,GB,50.0,57.68,-2.69,"Station Hotel, Portsoy"
42,Dunedin,NZ,55.99,-45.87,170.5,Scenic Hotel Southern Cross
43,Yellowknife,CA,16.0,62.46,-114.35,The Explorer Hotel
44,Kant,IN,63.32,27.8,79.8,Haseeb Khan shatreng
45,Butaritari,KI,81.97,3.07,172.79,Isles Sunset Lodge
46,Cape Town,ZA,64.4,-33.93,18.42,Southern Sun Waterfront Cape Town
47,Torbay,CA,37.99,47.67,-52.73,Gallows Cove
48,Tasiilaq,GL,26.6,65.61,-37.64,The Red House
49,Nizhniy Kislyay,RU,46.71,50.85,40.17,
50,Saldanha,ZA,66.2,-33.01,17.94,Blue Bay Lodge
51,Cockburn Town,TC,82.4,21.46,-71.14,Osprey Beach Hotel
52,Ribeira Grande,PT,64.44,38.52,-28.7,Quinta da Meia Eira
53,Axim,GH,78.08,4.87,-2.24,AXIM BEACH RESORT AND SPA
54,Olga,RU,40.28,43.74,135.29,Gostinitsa Rosmorport.
55,Uni,RU,26.89,57.75,51.49,–ì–æ—Å—Ç–∏–Ω–∏—Ü–∞ ¬´–î–∏–∞–ª–æ–≥¬ª
56,Norman Wells,CA,6.8,65.28,-126.83,Heritage Hotel
57,Hilo,US,86.0,19.73,-155.09,Hilo Hawaiian Hotel
58,Manakara,MG,69.85,-22.13,48.02,La Residence Manakara
59,Mandera,KE,80.71,3.94,41.87,Kornesh Hotel and Lodging
60,Zhaotong,CN,42.15,27.32,103.72,Jingguan Home
61,Severo-Kurilsk,RU,42.73,50.68,156.12,Kak Doma
62,Albion,US,33.8,42.24,-84.75,Days Inn by Wyndham Albion
63,Haines Junction,CA,14.0,60.75,-137.51,Parkside Inn
64,Praia,CV,78.8,14.92,-23.51,LT Aparthotel
65,Busselton,AU,59.0,-33.65,115.33,Observatory Guest House
66,New Norfolk,AU,64.99,-42.78,147.06,The Shingles Riverside Cottages
67,Taoudenni,ML,79.83,22.68,-3.98,
68,Totma,RU,26.28,59.97,42.76,Varnitsy
69,Honningsvag,NO,45.18,70.98,25.97,Nordkapp Vandrerhjem
70,Alofi,NU,78.8,-19.06,-169.92,Taloa Heights
71,Auki,SB,86.34,-8.77,160.7,Auki Motel
72,Airai,TL,68.5,-8.93,125.41,Juvinal Martin
73,Sao Joao Da Barra,BR,69.21,-21.64,-41.05,Pousada Porto De Canoas
74,Albany,US,46.99,42.6,-73.97,
75,Castro,BR,52.79,-24.79,-50.01,CHACARA BAILLY
76,Acarau,BR,79.88,-2.89,-40.12,castelo pizzaria
77,Souillac,MU,69.8,-20.52,57.52,Bils' Villa
78,Luang Prabang,LA,72.09,19.89,102.13,Villa Oasis
79,Mahebourg,MU,69.8,-20.41,57.7,Shandrani Beachcomber Resort & Spa
80,Tuktoyaktuk,CA,12.2,69.45,-133.04,End of The Road Ltd.
81,San Cristobal,VE,82.4,7.77,-72.22,Pirineos
82,Cidreira,BR,62.53,-30.18,-50.21,Hotel Castelo
83,Hermanus,ZA,64.0,-34.42,19.23,Misty Waves Boutique Hotel
84,Cabo San Lucas,MX,88.0,22.89,-109.91,Hotel Tesoro Los Cabos
85,Bukachacha,RU,10.31,52.98,116.92,
86,Athabasca,CA,57.2,54.72,-113.29,Athabasca Lodge Motel
87,Sorland,NO,50.32,67.67,12.69,Sjybrygga fiskecamp
88,San Patricio,US,80.6,28.02,-97.52,"Motel 6 Sinton, TX"
89,Cherskiy,RU,2.17,68.75,161.3,Gostinitsa
90,Punta Arenas,CL,53.6,-53.15,-70.92,Hotel Dreams Del Estrecho
91,Mar Del Plata,AR,60.8,-38.0,-57.56,Gran Hotel Mar del Plata habitaciones
92,Mahibadhoo,MV,81.88,3.78,72.97,Omadhoo Inn
93,Clyde River,CA,12.2,70.47,-68.59,Qamaq Hotel
94,Dharchula,IN,55.69,29.85,80.53,Mahara Hotel
95,Urumqi,CN,35.6,43.8,87.6,Hua Ling Grand Hotel Urumqi
96,Georgetown,MY,78.8,5.41,100.34,Cititel Penang
97,Longyearbyen,SJ,33.8,78.22,15.64,"Radisson Blu Polar Hotel, Spitsbergen"
98,Mataura,NZ,54.0,-46.19,168.86,Ellie's Villa
99,Pitimbu,BR,78.8,-7.47,-34.81,Reserva do Abia√≠
100,Kahului,US,89.6,20.89,-156.47,Maui Seaside Hotel
101,Nikolskoye,RU,33.8,59.7,30.79,Tourist House - Sablino
102,Talnakh,RU,21.2,69.49,88.4,Talnakh Hotel
103,Astara,AZ,59.0,38.5,48.67,
104,Chuy,UY,54.01,-33.7,-53.46,Nuevo Hotel Plaza
105,Ahipara,NZ,71.15,-35.17,173.17,Ahipara Holiday Park
106,Chokurdakh,RU,0.21,70.63,147.92,
107,Burns Lake,CA,53.6,54.23,-125.75,Burns Lake Bed and Breakfast
108,Baykit,RU,21.74,61.67,96.37,
109,Emba,KZ,44.35,48.83,58.14,
110,Avarua,CK,77.0,-21.21,-159.78,Paradise Inn
111,Hambantota,LK,78.94,6.12,81.12,Bungalow 63
112,Hithadhoo,MV,83.34,-0.6,73.08,Scoop Guest House
113,Coihaique,CL,73.4,-45.58,-72.07,Diego De Almagro Coyhaique
114,Puerto Ayora,EC,71.01,-0.74,-90.35,Finch Bay Galapagos Hotel
115,Upernavik,GL,16.47,72.79,-56.15,Gina's Guesthouse - Upernavik
116,Ginda,IN,50.94,30.69,78.49,Bal uma sankar hotel and restaurant
117,Otradnoye,RU,33.8,59.78,30.82,Baza otdikha Petrushinsky Khutor
118,Bethel,US,52.0,41.37,-73.41,Courtyard by Marriott Danbury
119,Majene,ID,80.1,-3.54,118.97,Kost Putri RABBANI
120,Zheshart,RU,27.48,62.07,49.57,"Gostinitsa, Zao Zhfk"
121,Biltine,TD,81.9,14.53,20.92,H√¥tel Trois √âtoiles de Biltine
122,Kapaa,US,82.4,22.08,-159.32,Sheraton Kauai Resort at Coconut Beach
123,San Pedro,PH,78.01,14.35,121.02,OYO 412 Viewfort Venue
124,Hasaki,JP,57.2,35.73,140.83,Inubosaki Kanko Hotel
125,Penarroya-Pueblonuevo,ES,57.2,38.3,-5.27,Casa Rural Los Miraderos De Cristina
126,Petropavlovsk-Kamchatskiy,RU,33.8,53.05,158.65,"–û–û–û ""–ì–æ—Å—Ç–∏–Ω–∏—á–Ω—ã–π –∫–æ–º–ø–ª–µ–∫—Å ""–ü–µ—Ç—Ä–æ–ø–∞–≤–ª–æ–≤—Å–∫"""
127,Siloam Springs,US,57.2,36.19,-94.54,Cherokee Hotel & Casino West Siloam Springs
128,Tura,IN,68.56,25.52,90.22,Hotel RIKMAN Continental
129,Asau,RO,39.0,46.43,26.4,Casa Mika Ciobanus
130,Ponta Do Sol,PT,69.01,32.67,-17.1,Hotel do Campo
131,Fortuna,US,66.0,40.6,-124.16,Super 8 by Wyndham Fortuna
132,Seoul,KR,42.8,37.57,126.98,LOTTE HOTEL SEOUL
133,Qaanaaq,GL,2.66,77.48,-69.36,Qaanaaq Hotel
134,Umm Lajj,SA,77.83,25.02,37.27,Moon light Furnished Units
135,Mehamn,NO,39.2,71.04,27.85,Mehamn Arctic Hotel AS
136,Dikson,RU,18.55,73.51,80.55,
137,Aksarka,RU,24.51,66.56,67.8,
138,Lazaro Cardenas,MX,84.42,17.96,-102.2,Collection O Hotel Quinta Antigua
139,Kimbe,PG,86.85,-5.55,150.14,Kimbe Bay Hotel
140,Flinders,AU,68.0,-34.58,150.86,Shellharbour Resort & Conference Centre
141,Imeni Poliny Osipenko,RU,27.86,52.42,136.49,Yubileynaya
142,Bredasdorp,ZA,64.4,-34.53,20.04,Bredasdorp Country Manor
143,Half Moon Bay,US,79.0,37.46,-122.43,"The Ritz-Carlton, Half Moon Bay"
144,Byumba,RW,64.4,-1.58,30.07,Ubwuzu Ltd
145,Bembibre,ES,60.01,42.62,-6.42,Casa de Convivencia INCAS
146,Menongue,AO,73.33,-14.66,17.69,Ritz Lauca
147,Andrushivka,UA,43.99,50.02,29.02,–ö–ª–æ–ø–∞—Ä–Ω—è
148,Lazo,RU,37.18,43.38,133.9,
149,Port Elizabeth,ZA,64.4,-33.92,25.57,39 On Nile Guest House
150,Victoria,HK,75.0,22.29,114.16,Mini Hotel Central
151,Solwezi,ZM,63.43,-12.17,26.39,Country Lodge Solwezi
152,Provideniya,RU,23.0,64.38,-173.3,
153,Pisco,PE,64.4,-13.7,-76.22,Hostal San Isidro Oficial
154,Ancud,CL,59.0,-41.87,-73.82,Hotel Arena Gruesa
155,Tahe,CN,9.99,52.33,124.73,Â°îÊ≤≥ÂÆæÈ¶Ü
156,Honiara,SB,87.8,-9.43,159.95,Heritage Park Hotel
157,Cermik,TR,66.2,38.14,39.45,√áermik √ñƒüretmen Evi
158,Narsaq,GL,21.2,60.92,-46.05,Hotel Narsaq
159,Diourbel,SN,78.8,14.66,-16.39,ISFAR maison Blanche
160,Arraial Do Cabo,BR,69.04,-22.97,-42.03,Pousada Porto Praia
161,Champerico,GT,87.8,14.3,-91.92,"Hotel y restaurante ""El Diamante"""
162,Brae,GB,51.8,60.4,-1.35,Busta House Hotel
163,Wattegama,LK,74.82,6.8,81.48,
164,Geraldton,AU,57.2,-28.77,114.6,Broadwater Mariner Resort
165,Ilulissat,GL,17.6,69.22,-51.1,Hotel Arctic
166,Sinop,TR,43.9,41.77,34.87,
167,Hobyo,SO,80.13,5.35,48.53,Osmani Hotel
168,Taltal,CL,59.83,-25.4,-70.48,Residencial Karime
169,Adrar,MR,79.9,20.5,-10.07,
171,Abha,SA,60.8,18.22,42.51,Abha Hotel
172,Luohe,CN,54.54,33.57,114.04,BNB 29-Tunxi Old Street Branch
173,Katsuura,JP,64.4,35.13,140.3,Katsuura Hotel Mikazuki
174,Jiuquan,CN,32.22,39.74,98.52,Jiuquan Hotel
175,Cap Malheureux,MU,68.0,-19.98,57.61,Pereybere Hotel & Spa
176,Lebu,CL,54.54,-37.62,-73.65,Hostal Las Lilas
177,Natal,BR,80.6,-5.79,-35.21,Villa Park Hotel | Natal
178,Buenos Aires,AR,70.0,-34.61,-58.38,Gran Hotel Argentino
179,Saint George,US,81.0,37.1,-113.58,Best Western Plus Abbey Inn
180,Songea,TZ,67.3,-10.68,35.65,mtakuja
181,Old Saybrook,US,55.0,41.29,-72.38,Saybrook Point Resort & Marina - Luxury Connecticut Oceanside Hotel
182,Namibe,AO,72.52,-15.2,12.15,Hotel Chik Chik Namibe
183,Najran,SA,62.6,17.49,44.13,ŸÖÿ≠ŸÖÿØ ŸáÿßÿØŸä ÿßŸÑ ŸÅÿ∑Ÿäÿ≠
184,Anadyr,RU,15.8,64.75,177.48,"–ì–æ—Å—Ç–∏–Ω–∏—Ü–∞ ""–ê–Ω–∞–¥—ã—Ä—å"""
185,Creston,US,42.8,41.06,-94.36,Supertel Inn & Conference Center
186,Byron Bay,AU,73.99,-28.65,153.62,Backpackers Inn on the Beach
187,Tazovskiy,RU,21.72,67.47,78.7,TazHostel
188,Batagay-Alyta,RU,-10.16,67.8,130.41,
189,Kualakapuas,ID,74.26,-3.01,114.39,Guest House Izonk
190,Lagoa,PT,63.28,39.05,-27.98,Casa Das Faias
191,Iqaluit,CA,12.2,63.75,-68.51,Frobisher Inn
192,Shelburne,CA,35.6,44.08,-80.2,The Retreat at the Farm
193,Bocanda,CI,74.07,7.06,-4.5,Hotel Bah-Nian
194,Lakes Entrance,AU,66.99,-37.88,147.98,The Esplanade Resort & Spa
195,Ifakara,TZ,74.97,-8.13,36.68,Tanzanian Training Centre for International Health
196,Ust-Nera,RU,-15.32,64.57,143.2,Hotel Ust-Nera
197,Buriti Dos Lopes,BR,78.42,-3.17,-41.87,Pousada Alves
198,Guaruja,BR,64.99,-23.99,-46.26,Charme Hotel Guaruj√°
199,Boyolangu,ID,76.3,-8.12,111.89,Yos ega cv
200,Faanui,PF,80.26,-16.48,-151.75,Bora-Bora Pearl Beach Resort & Spa
201,Piranshahr,IR,46.87,36.7,45.14,ŸÖÿ≥ÿßŸÅÿ± ÿÆÿßŸÜŸá ÿ≥ÿπÿØ€å
202,Suntar,RU,0.18,62.14,117.63,Gostevoy Dom
203,Pangnirtung,CA,9.84,66.15,-65.71,Kilabuk Lodge
204,Myitkyina,MM,69.48,25.38,97.4,Shwe Phyu Hotel
205,Tilichiki,RU,27.14,60.47,166.1,
206,Neiafu,TO,80.6,-18.65,-173.98,Mystic Sands
207,Ereymentau,KZ,34.79,51.62,73.1,Temirlan Hotel
208,Yasnyy,RU,36.54,51.03,59.87,Kosmos
209,Borogontsy,RU,-16.89,62.67,131.17,
210,Trapani,IT,66.0,37.83,12.67,
211,Ambilobe,MG,72.97,-13.2,49.05,H√¥tel & Restaurant DIANA Ambilobe
212,Port Hueneme,US,75.2,34.15,-119.2,Hampton Inn Channel Islands Harbor
213,Kirovskiy,RU,37.08,45.09,133.51,"Uyut, Gostinitsa"
214,Someshwar,IN,75.2,13.5,75.07,Kadinamane Homestay
216,Sheridan,US,64.4,44.83,-106.92,Best Western Sheridan Center
217,Karratha,AU,74.03,-20.74,116.85,ibis Styles Karratha
218,Kavieng,PG,85.69,-2.57,150.8,Nusa Island Retreat
219,Jumla,NP,44.47,29.27,82.18,Hotel Sundar Rara Karnali
220,Moron,AR,70.0,-34.65,-58.62,Hotel Mor√≥n
221,Korla,CN,36.0,41.76,86.15,Gulisitan Hotel
222,Bathurst,AU,61.0,-33.42,149.58,Bathurst Motor Inn
223,Lismore,AU,73.99,-28.81,153.28,Dawson Motor Inn
224,Leninsk,RU,44.6,48.71,45.2,Turbaza Odisseya
225,Vilyuysk,RU,-2.31,63.76,121.62,Gostinitsa Viliuisk
226,Asfi,MA,66.34,32.3,-9.24,H√¥tel Abda
227,Havelock,US,66.99,34.88,-76.9,Sherwood Motel
228,Manokwari,ID,84.38,-0.87,134.08,Swiss Belhotel Manokwari
229,Zemio,CF,70.14,5.03,25.14,
230,Thompson,CA,24.8,55.74,-97.86,Burntwood Hotel
231,Tiksi,RU,-4.99,71.69,128.87,Arktika
232,Manaure,CO,82.83,11.78,-72.44,Del mar vendra
233,Bandarbeyla,SO,76.68,9.49,50.81,REER XOOSHLE GROUP
234,Kaeo,NZ,73.99,-35.1,173.78,Bushido Lodge
235,Nyurba,RU,0.79,63.28,118.33,Gostinitsa Alrosa
236,Kasama,ZM,64.51,-10.21,31.18,Kalebalika Cottages
237,Taiyuan,CN,30.2,37.87,112.56,Taiyuan Wanda Wenhua Hotel
238,Marondera,ZW,57.0,-18.19,31.55,HopeFay Conference Centre
239,Palmer,US,50.0,42.16,-72.33,Wedgewood Motel
240,Port Hardy,CA,55.4,50.7,-127.42,Airport Inn
241,Saint-Augustin,CA,36.95,51.23,-58.65,
242,Portland,US,66.0,45.52,-122.68,The Bidwell Marriott Portland
243,Hvolsvollur,IS,35.01,63.75,-20.22,Aurora Lodge Hotel
244,Ulaangom,MN,24.75,49.98,92.07,Achit Nuur Hotel & Restaurant
245,Saint-Joseph,RE,69.8,-21.37,55.62,"""Plantation Bed and Breakfast"
246,Atbasar,KZ,38.08,51.8,68.33,"The Ritz-Carlton, Astana"
247,Huejuquilla El Alto,MX,77.86,22.6,-103.87,Hotel Huexuquillan
248,Lebowakgomo,ZA,57.2,-24.2,29.5,Chuene Resort
249,Ihosy,MG,62.35,-22.4,46.12,Hotely Sariaka
250,Coos Bay,US,66.99,43.37,-124.22,Best Western Holiday Hotel
251,Necochea,AR,64.0,-38.55,-58.74,dyd -mar Hotel
252,Olafsvik,IS,36.79,64.89,-23.71,Hotel Olafsvik
253,Kavaratti,IN,80.92,10.57,72.64,Hotels in Lakshadweep Islands
254,Port Macquarie,AU,62.6,-31.43,152.92,Rydges Port Macquarie
255,Sao Filipe,CV,79.21,14.9,-24.5,Tortuga B&B
256,Colgong,IN,72.32,25.27,87.22,Hotel Sachin
257,Vardo,NO,41.0,70.37,31.11,Vard√∏ Hotel AS
258,Russell,US,73.4,32.35,-85.2,Macs
259,Pasni,PK,73.33,25.26,63.47,3G hotel pasni
260,Nishihara,JP,73.4,26.18,127.76,Minshuku Agaihama
261,Vostok,RU,29.16,46.49,135.88,
262,Asaka,JP,61.0,35.8,139.6,Toyoko-inn Wakoshi Station
263,Hervey Bay,AU,79.0,-25.3,152.85,Shelly Bay Resort
264,Kulhudhuffushi,MV,82.22,6.62,73.07,Haajy Guest House 1
265,Shebunino,RU,51.69,46.43,141.86,
266,Algiers,DZ,51.8,36.75,3.04,Sofitel Algiers Hamma Garden
267,San Jose,US,84.0,37.34,-121.89,The Westin San Jose
268,Bubaque,GW,83.44,11.28,-15.83,"Casa Dora, Bubaque"
269,Khandyga,RU,-12.39,62.67,135.6,Apel'sin
270,Bousso,TD,79.99,10.48,16.71,
271,Matagami,CA,32.0,49.75,-77.63,H√¥tel Matagami
272,Carndonagh,IE,45.03,55.25,-7.27,Tig√≠n Tu√≠
273,Le Port,RE,64.4,-20.94,55.29,Villa Maido
274,Yarke Pole,UA,50.45,45.61,34.32,
275,Salalah,OM,75.2,17.02,54.09,HAMDAN PLAZA HOTEL
276,Kaitangata,NZ,53.01,-46.28,169.85,Kaitangata Motor Camp
277,Sorong,ID,81.57,-0.88,131.25,The Waigo Hotel
278,Carutapera,BR,78.82,-1.2,-46.02,Lidera
279,San-Pedro,CI,77.05,4.75,-6.64,Hotel Maria
280,Poitiers,FR,63.0,46.58,0.33,ibis Poitiers Centre
281,Cervo,ES,69.01,43.67,-7.41,Hotel Spa Galatea
282,Morwa,IN,69.64,22.9,73.83,Morva
283,Fuxin,CN,36.01,42.02,121.66,Xinya International Hotel
284,Crotone,IT,63.59,39.09,17.12,Helios Hotel
285,Dingle,PH,78.44,11.0,122.67,Camp Pasica
286,Padang,ID,77.63,-0.95,100.35,Mercure Padang
287,Fare,PF,80.83,-16.7,-151.02,Maitai Lapita Village Huahine
288,Codrington,AU,64.92,-38.27,141.97,Codrington Gardens Bed And Breakfast
289,Kaman,IN,65.73,27.65,77.27,Khandelwal Dharmashala
290,Akhalgori,GE,55.4,42.13,44.48,
291,San Policarpo,PH,78.13,12.18,125.51,Zal-Ann Beach Resort
292,Nouakchott,MR,77.0,18.09,-15.98,H√¥tel Iman
293,Tabou,CI,77.67,4.42,-7.35,hot√™l doufoulougou
294,Tiznit,MA,70.16,29.58,-9.5,
295,Madisonville,US,51.8,37.33,-87.5,Days Inn by Wyndham Madisonville
296,Gat,IL,73.99,31.61,34.76,OlusHome
297,Grand Gaube,MU,68.0,-20.01,57.66,Veranda Paul et Virginie Hotel & Spa
298,Vila Franca Do Campo,PT,62.6,37.72,-25.43,Pestana Bahia Praia
299,Los Llanos De Aridane,ES,75.2,28.66,-17.92,Valle Aridane
300,Praia Da Vitoria,PT,64.0,38.73,-27.07,Hotel Branco I
301,Laguna,US,81.0,38.42,-121.42,Holiday Inn Express & Suites Elk Grove Central - Hwy 99
302,La Maddalena,IT,55.4,41.21,9.41,Camping Acapulco
303,Balkanabat,TM,68.67,39.51,54.37,Nebitchi Hotel
304,Hofn,IS,36.75,64.25,-15.21,H√≥tel H√∂fn
305,Altay,CN,29.25,47.87,88.12,Jinqiao Hotel
306,Pevek,RU,15.24,69.7,170.31,Severnoye Zoloto
307,Kapoeta,SS,78.08,4.77,33.59,Eastgate Hotel
308,Atambua,ID,81.28,-9.11,124.89,Pondok Pesantren Al Muhajirin Atambua
309,Ambulu,ID,76.78,-8.35,113.61,Hotel Ambulu Jember
310,Coruripe,BR,78.39,-10.13,-36.18,Pousada e Hotel Litoral Sul
311,Lorengau,PG,86.07,-2.02,147.27,Lorengau Harbourside Hotel
312,Tutoia,BR,80.74,-2.76,-42.27,Pousada Guar√°'s
313,Kenai,US,26.01,60.55,-151.26,Aspen Extended Stay Suites
314,Bilma,NE,70.45,18.69,12.92,Expeditions T√©n√©re voyages
315,Mandapam,IN,81.54,9.28,79.12,Tanvi Chachaa Chalet
316,Leeuwarden,NL,63.0,53.2,5.81,Bastion Hotel Leeuwarden
317,Broken Hill,AU,71.6,-31.95,141.43,Daydream Motel & Cottages
318,Lamu,KE,78.8,-2.27,40.9,Lamu House
319,Mayumba,GA,76.89,-3.43,10.66,LIKWALE LODGE
320,Hot Springs,US,68.0,34.5,-93.06,Embassy Suites by Hilton Hot Springs Hotel & Spa
321,Guane,CU,78.22,22.2,-84.09,base de Campismo LosPortales de Guane
322,Pacific Grove,US,82.99,36.62,-121.92,Lovers Point Inn
323,Stabat,ID,72.86,3.76,98.45,Toko Abi
324,Luba,GQ,78.8,3.46,8.55,
325,Guerrero Negro,MX,78.76,27.98,-114.06,"Casa Laguna, Bed & Breakfast"
326,Merauke,ID,83.25,-8.47,140.33,
327,Awbari,LY,60.04,26.59,12.78,ŸÅŸÜÿØŸÇ ÿ£Ÿàÿ®ÿßÿ±Ÿä
328,Raton,US,66.2,36.9,-104.44,Holiday Inn Express & Suites Raton
329,Isiolo,KE,68.58,0.35,37.58,Gaddisa Hotel
330,Ostrovnoy,RU,38.35,68.05,39.51,
331,Maceio,BR,77.0,-9.67,-35.74,Mercure Maceio Pajucara Hotel
332,Liverpool,GB,62.01,53.41,-2.98,Premier Inn Liverpool City Centre (Moorfields) hotel
333,Cravo Norte,CO,76.95,6.3,-70.2,Hotel El Puerto
334,Dong Hoi,VN,74.19,17.48,106.6,Nam Long Hotel
335,Chazuta,PE,86.0,-6.57,-76.14,Fundo El Porvenir
336,Kamenka,RU,41.27,51.32,42.77,
337,Paita,PE,63.72,-5.09,-81.11,Hotel N√°utico de Paita
338,Shahrud,IR,53.02,36.42,54.98,Royal Hotel
339,Vestmannaeyjar,IS,39.27,63.44,-20.27,Glamping & Camping
340,Martapura,ID,75.07,-3.42,114.85,Montana Hotel Syariah
341,Richmond,US,57.99,37.55,-77.46,Holiday Inn Express Richmond - Downtown
343,Port Hedland,AU,77.0,-20.32,118.57,The Esplanade Hotel
344,Zarubino,RU,40.8,42.63,131.09,"Okean, Baza Otdykha"
345,Matamoros,MX,76.64,25.53,-103.25,Recreativo Sabdy Briseidy
346,Bairiki,KI,86.0,1.33,172.98,Tarawa Boutique Hotel
347,Acapulco,MX,83.98,16.86,-99.89,HS Hotsson Smart Acapulco
348,Gamba,GA,76.41,-2.65,10.0,
349,Lompoc,US,78.8,34.64,-120.46,Holiday Inn Express Lompoc
350,Turkistan,KZ,38.34,43.0,68.0,
351,Sawtell,AU,69.8,-30.38,153.1,Boambee Waters Caravan Park
352,Roald,NO,48.2,62.58,6.13,Flem Cabins
353,Nsanje,MW,70.68,-16.92,35.26,Nsanje Discovery Lodge
354,Rawson,AR,78.98,-43.3,-65.1,Hotel Punta Le√≥n
355,Almeirim,BR,85.59,-1.52,-52.58,Ric√°cio Hotel
356,Zhanaozen,KZ,57.27,43.3,52.8,K.korabay 28A
357,Fort Nelson,CA,15.8,58.81,-122.7,The Fort Nelson Hotel
358,Hiroshima,JP,64.4,34.4,132.46,Oriental Hotel Hiroshima
359,Kysyl-Syr,RU,-2.52,63.9,122.76,
360,Saba,HN,75.2,15.47,-86.25,Iglesia roca eterna shadday
361,Rosetown,CA,55.4,51.55,-108.0,Travelodge by Wyndham Rosetown
362,Hatillo,PR,82.0,18.49,-66.83,Hotel Parador El Buen Cafe
363,Beringovskiy,RU,24.13,63.05,179.32,Beringgorski
364,Bathsheba,BB,82.4,13.22,-59.52,Atlantis Hotel
365,Yambio,SS,68.74,4.57,28.4,Kabash Inn
366,Nkhata Bay,MW,74.61,-11.61,34.29,Mayoka Village
367,Sola,VU,80.98,-13.88,167.55,Ulkel Guest House
368,Erattupetta,IN,77.0,9.7,76.78,White Castle Residency
369,Gigmoto,PH,80.1,13.78,124.39,Cj's Travellers Inn
370,Jacareacanga,BR,74.35,-6.22,-57.75,Casa do Ianüòé
371,Talara,PE,64.45,-4.58,-81.27,Hostal Oro Negro
372,Avera,US,64.4,33.19,-82.53,
373,Kalmunai,LK,78.35,7.42,81.82,VS Villa
374,Vakhrushev,RU,48.51,48.98,142.97,
375,Cabo Rojo,PR,82.99,18.09,-67.15,Hotel Perichi's
376,Carauari,BR,77.83,-4.88,-66.9,Pousada Lobo
377,Veraval,IN,78.6,20.9,70.37,Lords Inn Somnath
378,Teruel,ES,55.4,40.67,-0.67,La Parra
379,Lavrentiya,RU,22.73,65.58,-171.0,
380,Borba,BR,75.94,-4.39,-59.59,Hotel da Amaz√¥nia
381,Ribas Do Rio Pardo,BR,75.09,-20.44,-53.76,Ata√≠de Martins
382,Komsomolskiy,UZ,46.4,40.43,71.72,Ikathouse
383,Mattru,SL,74.91,7.62,-11.83,Boima Gbondo's Compound
384,Saint-Quentin,FR,64.0,49.83,3.33,ibis Saint-Quentin Basilique
385,Hokitika,NZ,56.79,-42.72,170.97,Beachfront Hotel Hokitika
386,Craig,US,66.2,40.52,-107.55,Candlewood Suites Craig-Northwest
387,Makakilo City,US,84.2,21.35,-158.09,Marriott's Ko Olina Beach Club
388,Maniitsoq,GL,23.77,65.42,-52.9,Hotel Heilmann Lyberth
389,Itarema,BR,79.92,-2.92,-39.92,Windvillage
390,Krasnyy Kommunar,RU,33.8,51.96,55.37,
391,Maine-Soroa,NE,78.4,13.21,12.02,
392,Khatanga,RU,5.32,71.97,102.5,"Gostinitsa ""Zapolyar'ye"""
393,Tambilil,PH,82.24,5.96,124.67,Wilfredo Sotto Home
394,Mount Gambier,AU,60.8,-37.83,140.77,Commodore on the Park
395,Tabory,RU,25.72,58.52,64.55,
396,Salas,ES,62.6,43.41,-6.26,Hotel Castillo Valdes Salas
397,Poya,NC,84.15,-21.35,165.15,
398,Aripuana,BR,72.41,-9.17,-60.63,
399,Fairbanks,US,3.99,64.84,-147.72,Westmark Fairbanks Hotel & Conference Center
400,Lukovetskiy,RU,32.0,64.3,41.92,Gostinitsa
401,Esperance,AU,64.4,-33.87,121.9,Hospitality Esperance
402,Powell River,CA,51.8,49.85,-124.54,Rodmay Hotel
403,Ritto,JP,63.0,35.04,135.98,Hotel Boston Plaza Kusatsu
404,Srednekolymsk,RU,-3.5,67.45,153.68,
405,Klaksvik,FO,42.8,62.23,-6.59,Airbnb rooms
406,Borehamwood,GB,62.6,51.65,-0.28,Village Hotel Watford
407,Kisanga,TZ,73.17,-7.44,37.7,
408,Boende,CD,71.22,-0.22,20.87,
409,Leningradskiy,RU,15.48,69.38,178.42,
410,Nador,MA,60.8,35.17,-2.93,Airport hotel
411,Andapa,MG,57.99,-14.65,49.65,Ramanandraibe Andapa
412,Guymon,US,68.0,36.68,-101.48,Super 8 Guymon
413,Moose Factory,CA,28.4,51.26,-80.61,Cree Village Eco Lodge
414,Artsyz,UA,48.79,45.99,29.42,–•–æ—Å—Ç–µ–ª –ú–∏–Ω–∏–æ—Ç–µ–ª—å
415,Columbia,US,69.8,34.0,-81.03,Courtyard by Marriott Columbia Downtown at USC
416,Mandalgovi,MN,14.67,45.76,106.27,–í.–ì–∞–Ω–±–∞—Ç
417,Nanortalik,GL,32.2,60.14,-45.24,"NTS Rooms, Nanortalik"
418,Conceicao Da Barra,BR,68.49,-18.59,-39.73,Cricar√© Praia Hotel
419,Caravelas,BR,71.02,-17.71,-39.25,Pousada dos Navegantes
420,Ballina,AU,73.99,-28.87,153.57,Ramada Hotel & Suites by Wyndham Ballina Byron
421,Yarada,IN,78.8,17.65,83.27,"D-26/2, Dolphin Hill,"
422,Mugur-Aksy,RU,20.07,50.35,90.5,
423,Sergeyevka,KZ,30.15,53.88,67.42,
424,Araouane,ML,84.7,18.9,-3.53,
425,Umm Kaddadah,SD,81.72,13.6,26.69,
426,Chapais,CA,32.0,49.78,-74.85,H√¥tel Op√©miska
427,Isangel,VU,80.6,-19.55,169.27,Volcano Sea View Tree House
428,Koungou,YT,73.4,-12.73,45.2,Villa Netibor
429,Diapaga,BF,79.14,12.07,1.79,
430,Kachiry,KZ,38.53,53.07,76.1,"–ù–æ—á–Ω–æ–π –∫–ª—É–± BasMax, –ì–æ—Å—Ç–∏–Ω–∏—Ü–∞ , –†–µ—Å—Ç–æ—Ä–∞–Ω , –ú–∞–≥–∞–∑–∏–Ω-–∞–≤—Ç–æ–∑–∞–ø. —Å—Ç–æ –≤—É–ª–∫–∞–Ω–∏–∑–∞—Ç–æ—Ä ,"
431,Kem,RU,34.9,64.96,34.58,Kuzova
432,Bayan,CN,33.01,46.08,127.4,Wanhao Inn
433,Voyvozh,RU,24.15,62.89,54.96,Statistrovia
434,Pimenteiras,BR,83.07,-6.25,-41.42,Hotel Central
435,Buenaventura,CO,66.0,3.88,-77.03,VILLA FAMILIAR EN LA BARRA / GRACE VILLAGES
436,Omsukchan,RU,15.12,62.53,155.8,Zori
437,Concarneau,FR,60.8,47.88,-3.92,H√¥tel de L' Oc√©an
438,Itoman,JP,73.4,26.12,127.67,Southern Beach Hotel & Resort Okinawa
439,Torit,SS,73.04,4.41,32.57,Diplomat Guest House
440,Bobcaygeon,CA,35.6,44.55,-78.54,The Bobcaygeon Inn
441,Igrim,RU,28.08,63.19,64.42,Obshchezhitiye Uchebno-Proizvodstvennogo Tsentra
442,Sembakung,ID,74.03,3.82,117.25,
443,Fonte Boa,BR,75.67,-2.5,-66.27,
444,Ambon,ID,84.0,-3.7,128.18,Swiss-Belhotel Ambon
445,Surt,LY,70.29,31.21,16.59,City Hotel
446,Kaili,ID,71.55,-3.46,120.21,
447,Tautira,PF,84.2,-17.73,-149.15,Pension Oaoa
448,Shieli,KZ,38.23,44.17,66.75,Gostinitsa Aybek Shieli
449,Anahuac,MX,80.13,27.23,-100.15,Rancho Guadalupe
450,College,US,3.99,64.86,-147.8,Pike's Waterfront Lodge
451,Sitka,US,44.6,57.05,-135.33,Westmark Sitka
452,Northam,GB,62.01,51.03,-4.22,Durrant House Hotel
453,Paamiut,GL,25.68,61.99,-49.67,Yeet Hotel
454,Yerbogachen,RU,6.75,61.28,108.01,
455,Kirensk,RU,11.03,57.79,108.11,Kirenskiy Plos
456,Beloha,MG,66.81,-25.17,45.05,
457,Kongolo,CD,70.88,-5.38,27.0,H√¥tel Bouger Faire Bouger Rj Kanierra
458,Raudeberg,NO,46.99,61.99,5.14,Nordre Silda.
459,Williston,US,53.01,48.15,-103.62,Hampton Inn & Suites Williston
460,Muyezerskiy,RU,35.6,63.93,31.65,"Gostinitsa Ooo ""Lzkh ""Ledmozerskoye"""
461,Chihuahua,MX,75.99,28.5,-106.0,
462,Oparino,RU,25.47,59.85,48.28,"Gostinitsa ""Oparino"""
463,Harlingen,US,78.8,26.19,-97.7,Courtyard by Marriott Harlingen
464,Severobaykalsk,RU,13.12,55.65,109.32,"–ì–æ—Å—Ç–∏–Ω–∏—Ü–∞ ""–ß–∞–π–∫–∞"""
465,Punto Fijo,VE,84.97,11.7,-70.2,Santa Fe Inn Hotel
466,Wolbrom,PL,48.99,50.38,19.76,Zajazd FINEZJA
467,Arman,RU,31.19,59.7,150.17,
468,Imbituba,BR,66.2,-28.24,-48.67,Praia Hotel Imbituba
469,Kaihua,CN,61.63,23.37,104.28,Zhongyu Hotel
470,Kerema,PG,84.0,-7.96,145.78,Elore Lodge
471,Gondar,ET,57.63,12.6,37.47,L Shape Hotel
472,Nome,US,19.99,64.5,-165.41,Dredge 7 Inn
473,Vilhena,BR,76.37,-12.74,-60.15,Hotel Mirage
474,Solnechnyy,RU,31.73,50.72,136.63,Hotel complex Pastoral
475,Bosaso,SO,76.87,11.28,49.18,Red Sea Hotel
476,Bilgram,IN,64.76,27.18,80.03,Jadde Mian
477,Skibbereen,IE,51.8,51.55,-9.27,The West Cork Hotel
478,Zhezkazgan,KZ,36.88,47.8,67.71,Ul. Ranova 15-1 Kvartiry Posutochno.
479,Grindavik,IS,35.6,63.84,-22.43,Northern Light Inn & Max's Restaurant
480,Khed Brahma,IN,68.52,24.03,73.05,UMIYA NASTA HOUSE
481,Melilla,ES,60.8,35.29,-2.94,Hotel Anfora
482,Shimoda,JP,62.01,34.67,138.95,Shimoda Tokyu Hotel
483,Sao Borja,BR,65.73,-28.66,-56.0,Hotel Executivo
484,Flin Flon,CA,35.6,54.77,-101.86,Victoria Inn Flin Flon
485,Vallenar,CL,66.09,-28.57,-70.76,Humacao Bed & Breakfast
486,Fukue,JP,66.34,32.69,128.84,Goto Guesthouse Utojuku & SA Car Rental
487,Alice Springs,AU,78.8,-23.7,133.88,Desert Palms Alice Springs
488,Whitehorse,CA,8.01,60.72,-135.05,The Sternwheeler Hotel & Conference Centre
489,Dori,BF,82.94,14.04,-0.03,Oasis Annexe
490,Ulladulla,AU,64.0,-35.35,150.47,Sandpiper Motel
491,Chifeng,CN,28.35,42.27,118.96,Junyu Tiancheng Hotel
492,Port Keats,AU,88.32,-14.25,129.55,TDC Village (Hundred Man Camp)
493,Garhi Khairo,PK,63.1,28.06,67.98,Bandh Ali Hotel
494,Kushima,JP,64.4,31.46,131.23,Hanaoka
495,Pemangkat,ID,79.47,1.17,108.97,Kost H.Syamsuddin
496,Greeneville,US,55.4,36.16,-82.83,General Morgan Inn and Conference Center
497,Gizo,SB,85.32,-8.1,156.84,Imagination Island
498,Kabanjahe,ID,62.28,3.1,98.49,Pelindung Bawah Losmen
499,Tocopilla,CL,63.23,-22.09,-70.2,Hotel Galvarino
500,Aykhal,RU,6.8,66.0,111.5,
501,Figeac,FR,55.99,44.75,1.92,Le Lac Bleu
502,Terekli-Mekteb,RU,53.65,44.17,45.87,"Gostevoy Dvor ""U Gul'zary"""
503,Mineiros,BR,72.1,-17.57,-52.55,Pil√µes Palace Hotel
504,Ko Samui,TH,83.35,9.54,99.94,"The Passage Samui Villas & Resort, Thailand"
505,Iraray,PH,79.72,8.99,118.05,
506,Santiago De Cuba,CU,84.2,20.02,-75.82,Cubanacan San Felix
507,Marsa Matruh,EG,64.4,31.35,27.25,Beau Site
508,Belyy Yar,RU,23.0,53.6,91.39,Pasportnyy Stol
509,Khuzhir,RU,20.05,53.19,107.34,–û—Ç–µ–ª—å –Ω–∞ –æ–∑–µ—Ä–µ –ë–∞–π–∫–∞–ª Baikal View
510,Rezh,RU,28.09,57.37,61.4,"Hotel ""Baden-Baden Emerald Coast"""
511,Psebay,RU,51.08,44.12,40.81,Lis'ya Nora
512,Fecamp,FR,63.0,49.76,0.37,H√¥tel d'Angleterre
513,Kawalu,ID,71.74,-7.38,108.21,KOSAN UNGU UNSIK
514,Xinqing,CN,27.68,48.23,129.5,
515,Comodoro Rivadavia,AR,77.0,-45.87,-67.5,Austral Hotel
516,Moundsville,US,37.99,39.92,-80.74,Sleep Inn & Suites
517,Svetlyy,RU,44.6,54.67,20.13,"Gostinitsa-Kafe, Alena"
518,Buraydah,SA,68.0,26.33,43.98,M√∂venpick Hotel Qassim
519,Ust-Kut,RU,15.1,56.79,105.77,Otel Flagman
520,Sereflikochisar,TR,46.33,38.94,33.54,Yƒ±ldƒ±rƒ±m Hotel
521,Darasun,RU,10.4,51.67,114.0,
522,Catamarca,AR,73.94,-28.47,-65.79,Amerian Catamarca Park Hotel
523,Broome,US,42.01,42.25,-75.83,Chenango Valley State Park
524,Sainte-Anne,GP,77.0,16.23,-61.37,HOTEL LE ROTABAS
525,Khategaon,IN,65.25,22.6,76.92,DTDC COURIER SERVICE narmada enterprises khategaon
526,Promyshlennovskiy,RU,30.2,55.48,86.2,Dom Kul'tury
527,Inverell,AU,73.99,-29.78,151.12,Sapphire City Motor Inn
528,Burnie,AU,57.99,-41.07,145.92,Beachfront Voyager Motor Inn
529,Krasnoselkup,RU,22.19,65.7,82.47,Krasnosel'kupnefteprodukt
530,Bahia De Caraquez,EC,80.6,-0.6,-80.42,La Piedra Hotel
531,Ordzhonikidze,KZ,31.86,52.44,61.74,Gostinitsa
532,Kibondo,TZ,62.76,-3.59,30.72,Pongezi Annex Guest House
533,Hay River,CA,21.2,60.82,-115.8,Ptarmigan Inn Hotels
534,Nanning,CN,73.4,22.82,108.32,Nanning Travelling With Hostel
535,Medea,DZ,51.8,36.26,2.75,H√¥tel M'Sallah
536,Moryakovskiy Zaton,RU,36.0,56.7,84.65,
537,Kyren,RU,18.66,51.68,102.14,"Energetik, Pansionat Ooo ""Grand Baykal"""
538,Maues,BR,84.99,-3.38,-57.72,Hotel Miramar
539,Yaguajay,CU,79.61,22.33,-79.24,Hostal Idalmis y Jos√© Luis
540,Witu,KE,78.8,-2.39,40.44,New City Guest House
541,Oktyabrskoye,RU,41.0,43.06,44.74,Prolesok Mini-hotel
542,Wapi Pathum,TH,71.6,15.85,103.38,Nattawat House
543,Saint-Louis,SN,86.0,16.33,-15.0,
544,Martil,MA,62.6,35.62,-5.28,H√¥tel Suite Martil
545,Siteki,SZ,57.94,-26.45,31.95,Siteki Hotel
546,Lamar,US,66.2,33.67,-95.58,Kings Inn Paris TX
547,Iralaya,HN,80.47,15.0,-83.23,Iglesia morava renovada
548,Isiro,CD,67.14,2.77,27.62,Nova
549,Aklavik,CA,10.4,68.22,-135.01,Aklavik Inn
550,Cairns,AU,86.0,-16.92,145.77,Mantra Trilogy Cairns
551,Inuvik,CA,10.4,68.35,-133.72,Nova Inn Inuvik
552,Mgandu,TZ,62.98,-5.95,34.13,
553,Gaoua,BF,78.57,10.3,-3.25,
554,Itupiranga,BR,86.0,-5.13,-49.33,JAIRO ORLINDO VIEIRA
555,Nerekhta,RU,33.8,57.46,40.57,October Hotel
556,Diu,IN,77.09,20.71,70.98,Hotel Relax Inn
557,Taua,BR,85.19,-5.97,-40.3,Hotel S√£o Silvestre
558,Smithers,CA,53.6,54.78,-127.17,Prestige Hudson Bay Lodge
559,Gilgit,PK,50.85,35.92,74.31,Tourist Hamlet Gilgit
560,Mpanda,TZ,71.62,-6.37,31.04,CH Hotel - Mpanda
561,Biak,ID,80.08,-0.91,122.88,Kost Ariz
562,Kupino,RU,37.27,54.37,77.3,Hotel Sibiria Inn
563,Sayaxche,GT,76.32,16.52,-90.17,GAMER MAN Jimenes
564,Scarborough,GB,63.0,54.28,-0.4,Ambassador
565,Yarmouth,US,55.99,41.71,-70.23,The Inn At Cape Cod
566,Eruwa,NG,74.95,7.53,3.42,Yinka Hostel
567,Lieksa,FI,40.24,63.32,30.02,Kaatrahovi
568,Warsaw,PL,48.0,52.23,21.01,Hotel Polonia Palace
569,Eatonton,US,64.99,33.33,-83.39,Western Motel of Eatonton
570,Kholtoson,RU,15.06,50.3,103.31,
571,Vestmanna,FO,42.8,62.16,-7.17,Budget Guesthouse Borgustova
572,Prince Rupert,CA,53.6,54.32,-130.32,Crest Hotel
573,Oksfjord,NO,42.8,70.24,22.35,Bobo
574,Okhotsk,RU,19.54,59.38,143.3,
575,Tuatapere,NZ,55.0,-46.13,167.68,Ron and Tony's Bed & Breakfast
576,Donskoye,RU,51.8,45.46,41.97,
577,Abu Samrah,SY,59.32,35.3,37.18,
578,Tahoua,NE,79.11,14.89,5.27,Bungalows Guesthouse
579,Woodward,US,66.2,36.43,-99.39,Holiday Inn Express & Suites Woodward Hwy 270
580,Yalova,TR,46.4,40.66,29.28,≈ûeref Hotel
581,Netrakona,BD,73.81,24.88,90.72,kurpar gas office
582,Norfolk,US,48.2,42.17,-71.25,Residence Inn by Marriott Boston Norwood/Canton
583,Cururupu,BR,76.32,-1.83,-44.87,Pousada Trav√©s'cia
584,Stanovoye,RU,42.96,52.76,38.36,–ë–∞–∑–∏–ª–∏–∫ –°—Ç–∞–Ω–æ–≤–æ–µ
585,Caramay,PH,80.01,10.18,119.24,Peace and Love Beach Club
586,Bardiyah,LY,68.13,31.76,25.09,ÿ®Ÿàÿ±ÿ™Ÿà ÿ®ÿ±ÿØŸäÿ©
587,Andenes,NO,48.2,69.31,16.12,Hotell Marena
588,Moyobamba,PE,70.16,-6.05,-76.97,LA CASA DE MI SUE√ëO - Garden Home Lodge
589,Porto Santo,PT,66.2,33.07,-16.34,Hotel Porto Santo & Spa
590,Lao Cai,VN,72.77,22.48,103.95,Legend Hotel
591,Port Moresby,PG,86.0,-9.44,147.18,Lamana Hotel
592,Kang,BW,71.08,-23.68,22.79,Kang Ultra Stop
593,Gisborne,NZ,64.0,-38.65,178.0,ASURE Alfresco Motor Lodge
594,La Ronge,CA,42.8,55.1,-105.28,Northland Motor Hotel
595,Yining,CN,56.21,29.04,114.56,Xiushui Hotel
596,Vidim,RU,16.2,56.41,103.11,
597,Peterborough,GB,62.6,52.57,-0.25,Park Inn by Radisson Peterborough Hotel
598,Betsiamites,CA,44.6,48.94,-68.65,
599,Tessalit,ML,75.52,20.2,1.01,
600,Saint-Pierre,RE,69.8,-21.34,55.48,Lindsey H√¥tel
601,Maridi,SS,68.34,4.92,29.47,
602,Poltava,UA,48.02,49.59,34.54,Yavir
603,Gulariya,NP,65.14,28.23,81.33,Shiv Computer mobile shop
604,Ketchikan,US,53.6,55.34,-131.65,Snows Cove Lodge
605,Beidao,CN,41.85,34.57,105.89,Shell Tianshui Maiji District Erma Road Walking Street Hotel
606,Doha,QA,78.8,25.29,51.53,Doha Marriott Hotel
607,Nevelsk,RU,51.8,46.67,141.86,Gostinitsa Viktoriya
608,Westport,US,54.0,41.14,-73.36,The Westport Inn
609,Carmen,MX,82.4,18.63,-91.83,Hotel Lossandes
610,Qobustan,AZ,53.6,40.08,49.41,
611,Hamilton,US,41.0,39.18,-84.53,Six Acres Bed & Breakfast
612,Novovasylivka,UA,50.23,46.83,35.75,
613,Mafeteng,LS,48.67,-29.82,27.24,Golden Hotel
614,Birjand,IR,37.4,32.87,59.22,Birjand Tourist Hotel
615,Antofagasta,CL,60.8,-23.65,-70.4,Holiday Inn Express Antofagasta
616,Vila Velha,BR,73.4,-20.33,-40.29,Hotel Vit√≥ria Palace
617,Nizhnyaya Tavda,RU,27.12,57.67,66.17,Dom
618,Groningen,NL,63.0,53.25,6.75,Bed&Breakfast Lageland
619,Nuuk,GL,21.52,64.18,-51.72,Vandrehuset
620,Qaqortoq,GL,21.2,60.72,-46.03,Hotel Qaqortoq
621,Yulara,AU,78.8,-25.24,130.99,Desert Gardens Hotel - Ayers Rock Resort
622,Skjervoy,NO,47.19,70.03,20.97,Skjerv√∏y Byggeservice AS
623,Zyryanka,RU,-1.93,65.75,150.85,Zyryanka
624,Kolokani,ML,78.44,13.57,-8.03,Lycee Famolo Coulibalibali De Kolokani
625,Ilo,PE,63.79,-17.64,-71.34,Torreblanca Hotel
626,Kloulklubed,PW,77.0,7.04,134.26,Storyboard Beach Resort
627,Shirokiy,RU,24.48,49.76,129.52,
628,Richards Bay,ZA,63.54,-28.78,32.04,BON Hotel Waterfront Richards Bay
629,Loa Janan,ID,73.98,-0.58,117.09,Asrama Polisi Polsek Loajanan Res Kukar
630,Launceston,AU,61.0,-41.45,147.17,Hotel Grand Chancellor Launceston
631,Newport,GB,64.0,51.59,-3.0,ibis budget Newport
632,Samarai,PG,82.89,-10.62,150.67,Nuli Sapi
633,Havre-Saint-Pierre,CA,39.2,50.23,-63.6,Auberge Niapiskau
634,Zaltan,LY,68.97,32.95,11.87,ÿ≤ŸÑÿ∑ŸÜ ÿßŸÑÿ¥ÿ±ŸÇŸäÿ©
635,Tucuman,AR,84.2,-26.82,-65.22,Dallas Hotel Tucuman
636,Chumikan,RU,18.88,54.72,135.31,Fortuna
637,Haigerloch,DE,61.0,48.37,8.8,Krone
638,Iwanai,JP,55.6,42.97,140.51,„ÅÑ„Çè„Å™„ÅÑÈ´òÂéü„Éõ„ÉÜ„É´
639,Road Town,VG,82.99,18.42,-64.62,"ZINGARA 76ft Catamaran, full crew-all included"
640,Leshukonskoye,RU,28.85,64.9,45.76,Gostinitsa Mup Zhkkh
641,Mangan,IN,65.1,27.52,88.53,Hotel Mout View
642,Davila,PH,80.6,18.47,120.58,SITIO 3 DAVILA PASUQUIN
643,Nampula,MZ,71.2,-15.12,39.27,Tacab Residencial
644,Port Lincoln,AU,71.49,-34.73,135.87,Port Lincoln Hotel
645,Roma,US,42.8,43.21,-75.46,Wingate By Wyndham Rome
646,Hohhot,CN,28.4,40.81,111.65,Sheraton Hohhot Hotel
647,Syamzha,RU,26.17,60.02,41.06,Hotel Syamzha
648,Manggar,ID,77.14,-2.88,108.27,Guest Hotel
649,Kalemie,CD,72.03,-5.95,29.19,Mahobilali
650,West Lafayette,US,41.0,40.43,-86.91,Hilton Garden Inn West Lafayette Wabash Landing
651,Sur,OM,70.23,22.57,59.53,Sur Plaza Hotel
652,Takoradi,GH,78.46,4.88,-1.76,Raybow International Hotel
653,Mount Isa,AU,86.0,-20.73,139.5,ibis Styles Mt Isa Verona
654,Pacifica,US,77.0,37.61,-122.49,"Pacifica Lighthouse, Trademark Collection by Wyndham"
655,Terrasini,IT,61.0,38.15,13.08,Florio Park Hotel
656,Koslan,RU,28.47,63.46,48.9,
657,Kiama,AU,68.0,-34.68,150.87,The Sebel Kiama Harbourside
658,Pingliang,CN,36.77,35.54,106.69,Xinxiang Hostel
659,Uige,AO,67.14,-7.61,15.06,Juliao Pereira
660,Simoes,BR,79.83,-7.6,-40.82,Hotel Ponto Certo
661,Hit,IQ,71.33,33.64,42.83,Aboody Alhachem
662,Angoche,MZ,77.14,-16.23,39.91,Guest House HESADA
663,Rexburg,US,60.8,43.83,-111.79,AmericInn by Wyndham Rexburg BYUI
664,Jalu,LY,65.35,29.03,21.55,Jalu Hotel
665,Gotsu,JP,61.12,35.0,132.22,Super Hotel Gotsu Ekimae
666,Ferme-Neuve,CA,41.0,46.7,-75.45,Pourvoirie Club Fontbrune Ltee
667,Dawlatabad,AF,52.03,36.41,64.91,WASIM ASGAR KHAN
668,Harper,LR,77.52,4.38,-7.72,Screensaver
669,Beaufort,MY,78.8,5.35,115.75,The Gem Hotel Beaufort
670,Saurimo,AO,66.0,-9.66,20.39,Hotel Kawissa Saurimo
671,Yeppoon,AU,80.6,-23.13,150.73,Villa Mar Colina
672,Herat,AF,43.66,34.5,62.0,
673,Bykivka,UA,39.09,50.29,27.98,
674,Belle Fourche,US,59.0,44.67,-103.85,Kings Inn
675,Nanuque,BR,67.8,-17.84,-40.35,Hotel e Churrascaria Boi na Brasa
676,Muros,ES,66.99,42.78,-9.06,Apartment Av. Castelao
677,Nemuro,JP,57.02,43.32,145.57,Hotel Nemuro Kaiyoutei
678,Coahuayana,MX,85.89,18.73,-103.68,Hotel Los Arcos
679,Namestovo,SK,42.01,49.41,19.48,Trend Hotel
680,Dakar,SN,78.8,14.69,-17.44,Novotel Dakar
681,Faya,SA,60.8,18.39,42.45,ŸÖŸÇÿ®ÿ±ÿ© ÿßŸÑ ŸÖÿ¨ŸÖŸÑ
682,Tifton,US,69.8,31.45,-83.51,Hilton Garden Inn Tifton
683,Lethem,GY,84.16,3.38,-59.8,Savannah Inn
684,Dukat,RU,13.66,62.55,155.55,
685,Kasongo,CD,69.84,-4.45,26.67,Guest H√¥tel
686,Chernyshevskiy,RU,3.52,63.01,112.47,Chernyseyskiy
687,Benalla,AU,69.01,-36.55,145.98,Rose City Motor Inn
688,Lafia,NG,76.44,8.48,8.52,Low Cost Housing Estate
689,Awjilah,LY,64.22,29.11,21.29,
690,Calatagan,PH,78.85,13.88,120.65,Coral Bay Rest House
691,Santa Cruz,BO,87.8,-17.8,-63.17,Hotel Cortez
692,Gweta,BW,77.05,-20.18,25.23,Gweta Lodge
693,Kazlu Ruda,LT,46.4,54.77,23.5,Sveƒçi≈≥ Namai / Guest House Kazl≈≥ R≈´da
694,Bowen,AU,80.6,-20.02,148.23,Castle Motor Lodge Motel
695,Luganville,VU,82.4,-15.53,167.17,The Espiritu Hotel
696,Veinticinco De Mayo,AR,61.21,-35.43,-60.17,Estancia La Rosada
697,Patacamaya,BO,50.2,-17.23,-67.92,GARAJE EVA LA TRAILERA
698,Lasa,IT,50.0,46.62,10.7,Pension Feldg√§rtenhof
699,Karlivka,UA,47.84,49.46,35.13,Hostynytsa Kolos
700,Mnogovershinnyy,RU,34.54,53.94,139.92,Kvartsevaya Sopka
701,Steamboat Springs,US,59.0,40.48,-106.83,Steamboat Grand
702,Clonakilty,IE,51.8,51.62,-8.87,Inchydoney Island Lodge & Spa
703,Barra Patuca,HN,79.79,15.8,-84.28,
704,Lokosovo,RU,29.59,61.13,74.82,
705,Curuca,BR,78.3,-0.73,-47.85,Hotel Curu√ßa
706,Fernan-Nunez,ES,57.2,37.69,-4.72,Francisco Jes√∫s P√©rez Serrano
707,Ola,RU,30.06,59.58,151.28,
